{
  "add-service-column.js": 1777200148.7717235,
  "build-page.js": 1776629571.7317307,
  "eslint.config.mjs": 1776782978.2582886,
  "fix-jsx.js": 1776629571.7327306,
  "migrate.js": 1776629571.7347324,
  "next.config.mjs": 1776782978.2582886,
  "postcss.config.mjs": 1776629571.7402458,
  "app\\layout.js": 1776782978.256956,
  "app\\Providers.js": 1776629571.69444,
  "app\\admin\\layout.js": 1776634730.6717763,
  "app\\admin\\page.js": 1776629571.7025144,
  "app\\admin\\blog\\page.js": 1776782978.2448416,
  "app\\admin\\contacts\\page.js": 1776782978.2463603,
  "app\\admin\\media\\page.js": 1776629571.7010047,
  "app\\admin\\products\\page.js": 1776782978.2468991,
  "app\\admin\\projects\\page.js": 1777200045.9505558,
  "app\\admin\\reviews\\page.js": 1776782978.2489128,
  "app\\admin\\social\\page.js": 1776629571.7102082,
  "app\\admin\\users\\page.js": 1776782978.249918,
  "app\\api\\auth\\[...nextauth]\\route.js": 1776629571.7127252,
  "app\\api\\blogs\\route.js": 1776782978.250914,
  "app\\api\\blogs\\[slug]\\route.js": 1776631456.6198702,
  "app\\api\\contacts\\route.js": 1776629571.713972,
  "app\\api\\home\\route.js": 1776629571.7149754,
  "app\\api\\invitations\\route.js": 1776634678.3004997,
  "app\\api\\invitations\\check\\route.js": 1776634685.914709,
  "app\\api\\products\\route.js": 1776629571.7164857,
  "app\\api\\projects\\route.js": 1777200069.6613555,
  "app\\api\\reviews\\route.js": 1776629571.7215068,
  "app\\api\\social\\route.js": 1776629571.721774,
  "app\\api\\upload\\route.js": 1776629571.7227852,
  "app\\blog\\page.js": 1776782978.2529168,
  "app\\blog\\[slug]\\page.js": 1776782978.2519174,
  "app\\components\\Footer.js": 1776782978.2539136,
  "app\\components\\Navbar.js": 1776782978.2549162,
  "app\\components\\ProjectGrid.js": 1776629571.7242916,
  "app\\components\\RichTextEditor.js": 1776631020.1763403,
  "app\\login\\page.js": 1776634750.3264208,
  "lib\\supabase.js": 1776629571.7337308,
  "lib\\supabaseClient.js": 1776629571.7347324,
  "AGENTS.md": 1776629571.6880422,
  "CLAUDE.md": 1776631233.3817172,
  "README.md": 1776629571.6897388,
  "public\\about.html": 1776782978.264894,
  "public\\blog.html": 1776782978.2664015,
  "public\\graphic-design.html": 1777285856.3432407,
  "public\\index.html": 1777200574.9165282,
  "public\\meta-ads.html": 1777200098.3895724,
  "public\\ui-design.html": 1777200100.4049845,
  "public\\wordpress-dev.html": 1777200102.4417088,
  "public\\file.svg": 1776629571.742303,
  "public\\globe.svg": 1776629571.742303,
  "public\\next.svg": 1776629571.7472024,
  "public\\vercel.svg": 1776629571.7482047,
  "public\\window.svg": 1776629571.7482047,
  "public\\img\\profile.jpg": 1776629571.746206,
  "public\\uploads\\1777200003697_ChatGPT Image Apr 26, 2026, 04_21_39 AM.png": 1777200003.7020922
}